-2.58,2.21,3.73,-1.50,3.00,4.66,-2.35,3.83,5.09,-2.74,4.10,6.00,-4.12,4.13,6.35,-4.35,4.25,5.58,-4.10,4.15,5.08,-5.04,3.81,6.05,-5.08,3.35,5.72,-2.97,3.12,5.25,-1.49,2.90,4.05,-1.05,2.17,1.60,-1.13,1.76,-1.84,-0.51,1.81,-4.07,0.37,2.16,-6.15,0.68,2.23,-7.34,1.55,2.50,-8.83,2.55,2.60,-9.18,2.81,2.55,-9.26,2.46,2.19,-8.51,2.11,1.77,-8.21,2.72,1.46,-6.55,2.57,1.13,-5.17,1.47,1.53,-4.43,-0.59,1.95,0.40,-1.18,2.88,2.57,-2.66,2.74,4.49,-4.95,3.73,4.36,-6.29,4.66,3.79,-6.96,5.43,5.62,-8.19,6.00,6.80,-7.43,6.22,8.29,-5.52,6.05,9.76,-4.77,4.52,9.76,-3.34,1.74,9.76,-1.55,-0.51,6.47,1.07,-1.99,1.33,2.55,-2.55,-4.30,2.04,-2.43,-12.29,1.05,-1.06,-14.90,-1.28,0.29,-13.03,-2.59,1.95,-11.45,-0.73,3.63,-10.82,0.02,5.44,-9.92,-0.17,6.63,-8.93
-1.42,2.40,3.47,-3.10,3.49,4.50,-4.15,4.16,5.52,-5.50,4.59,6.93,-5.09,4.64,9.17,-5.41,4.42,8.68,-4.87,4.26,6.08,-4.01,3.93,5.29,-3.19,3.37,6.06,-2.02,2.75,5.97,-1.50,1.84,3.77,-0.94,1.36,0.62,-1.21,0.82,-2.03,-0.95,0.98,-5.58,-0.04,1.19,-7.23,0.91,1.53,-9.09,1.95,1.81,-10.63,2.58,1.97,-10.87,2.65,1.70,-10.91,1.92,1.61,-10.36,2.88,1.63,-8.37,3.49,1.51,-6.25,2.69,1.49,-2.45,0.25,1.48,0.05,-2.64,1.58,1.58,-5.15,1.27,3.86,-7.27,1.93,4.47,-6.64,3.74,5.58,-5.71,5.03,7.02,-8.77,5.40,9.76,-8.55,4.60,9.76,-4.09,3.63,9.76,-5.17,0.44,9.76,-4.64,-2.77,9.76,-2.86,-4.91,2.40,-1.19,-5.09,-4.27,1.95,-4.27,-10.47,1.60,-2.59,-13.96,-1.22,-0.07,-15.84,-2.36,1.86,-13.18,-1.89,4.02,-11.32,-0.22,5.39,-9.81,0.31,6.41,-8.01,0.69,7.45,-6.24,0.84,7.78,-4.59
-2.48,2.69,2.04,-4.96,3.34,8.50,-8.24,3.61,9.76,-8.31,4.55,7.77,-6.24,4.83,6.39,-4.81,4.88,5.15,-4.02,4.62,5.84,-3.17,4.17,6.06,-3.51,3.11,6.05,-2.81,2.03,4.30,-2.18,1.21,1.51,-1.52,0.76,-2.20,0.31,1.04,-4.88,1.05,1.35,-6.91,2.01,1.86,-10.11,1.92,2.06,-10.35,2.90,2.22,-11.42,4.06,2.30,-11.13,3.69,2.17,-9.24,3.08,1.99,-8.73,3.31,1.94,-6.37,3.09,1.82,-4.38,0.90,1.34,-1.54,-2.46,1.15,-0.51,-4.55,2.10,-0.35,-4.70,3.22,4.62,-9.38,4.53,8.04,-10.35,5.39,9.76,-10.07,5.06,9.76,-9.17,3.14,9.76,-8.96,1.54,9.76,-5.83,-0.03,9.76,-3.73,-2.38,4.61,-1.92,-2.60,-2.65,-0.05,-2.19,-6.21,1.61,-1.69,-9.91,2.16,-0.21,-15.54,1.27,1.70,-15.69,0.39,3.17,-13.47,-0.10,4.52,-12.84,0.56,5.64,-11.31,0.53,6.86,-8.91,0.09,7.39,-6.24,0.07,7.96,-3.54,0.30,8.52,-3.10
-0.70,3.16,3.58,-3.45,3.48,5.10,-4.31,4.07,6.63,-2.90,4.39,4.98,-3.21,4.33,6.46,-4.42,4.08,8.37,-4.46,3.61,8.43,-2.48,2.97,7.97,-2.38,2.26,6.96,-1.84,1.59,4.09,-0.99,1.40,0.15,0.20,1.37,-3.31,-0.65,1.41,-5.28,-0.92,1.46,-5.85,0.06,1.38,-7.60,2.12,1.46,-8.59,3.30,1.40,-7.98,2.92,1.36,-8.43,2.81,1.28,-7.94,2.96,1.32,-7.78,2.79,1.43,-5.57,1.94,1.34,-3.56,0.76,1.36,-4.33,-0.23,1.16,-2.99,0.16,1.34,0.21,-5.26,1.35,8.43,-9.82,2.83,9.76,-7.50,3.90,9.76,-7.27,3.44,9.76,-10.04,1.24,9.76,-6.76,-0.63,9.76,-3.08,-2.16,6.33,-0.10,-2.98,0.97,1.65,-3.27,-6.30,2.36,-2.13,-10.85,0.35,-0.43,-13.76,-1.52,1.20,-14.47,-0.82,2.82,-12.96,0.73,4.54,-10.61,-0.13,5.39,-8.13,-0.67,6.24,-7.03,-0.45,6.96,-5.83,0.20,7.41,-4.86,0.16,7.70,-3.68,-0.44,7.96,-3.10
-2.61,2.72,2.82,-1.96,2.78,5.77,-4.95,2.90,6.96,-4.80,3.11,4.19,-2.91,3.43,5.80,-4.02,3.51,7.02,-4.36,3.35,6.75,-3.65,2.89,6.18,-3.23,2.59,6.41,-1.88,1.98,6.63,-0.34,1.72,3.70,0.82,1.47,1.46,1.39,1.49,-1.75,-0.53,1.48,-3.70,0.29,1.47,-4.70,0.94,1.68,-4.85,0.35,1.74,-6.81,1.47,1.82,-9.00,2.72,1.84,-8.00,2.45,1.77,-7.98,2.32,1.64,-9.01,1.17,1.30,-8.25,1.77,1.09,-7.14,1.95,1.06,-3.11,0.69,1.28,-0.68,-1.89,1.25,-0.57,-4.40,1.46,1.06,-5.07,1.71,4.15,-7.08,2.52,8.52,-7.13,3.59,9.76,-5.77,4.65,9.11,-6.85,3.58,9.76,-7.12,1.54,9.76,-5.37,0.00,9.76,-4.39,-1.15,8.06,-2.33,-2.54,3.90,-1.10,-3.01,-2.24,-1.57,-2.74,-6.46,0.18,-1.44,-11.49,1.33,0.09,-15.89,-1.14,2.34,-15.77,-2.12,3.58,-11.53,-1.06,4.66,-10.65,1.23,6.03,-7.11,1.18,6.86,-4.45
-0.67,7.14,-0.91,-0.16,7.05,-1.50,0.64,6.92,-2.13,0.61,6.46,-2.17,0.91,5.93,-3.76,1.55,4.94,-5.64,2.50,3.70,-7.07,4.20,2.56,-9.39,4.74,1.23,-9.14,4.67,-0.02,-7.94,3.52,-1.27,-6.21,0.14,-2.09,-4.05,-0.74,-0.92,1.13,-0.75,0.88,3.85,-3.20,2.38,2.60,-6.63,2.58,5.10,-5.24,3.30,9.18,-4.14,3.79,8.06,-4.58,3.22,8.82,-5.80,2.64,9.10,-4.48,2.13,6.48,-3.85,1.58,6.32,-2.69,1.07,6.50,-1.97,0.24,4.69,-1.56,-0.12,0.89,-1.43,-0.19,-2.95,-0.10,0.00,-6.06,0.68,0.29,-8.68,1.79,0.62,-10.72,3.45,1.07,-11.63,3.74,0.89,-10.18,2.53,0.87,-9.54,2.26,0.81,-7.97,2.81,0.91,-5.76,1.31,0.35,-2.33,-0.63,0.52,-1.32,-1.29,0.51,2.38,-4.08,0.63,3.93,-6.76,1.25,6.83,-7.74,2.43,8.14,-8.99,3.27,8.12,-9.45,3.29,9.15,-7.98,3.00,9.76,-7.40,1.28,9.76,-7.10,-1.12,9.76
1.93,6.91,-1.93,1.80,7.18,-1.63,1.44,7.27,-1.38,0.72,7.28,-1.85,0.91,7.33,-2.17,1.34,7.47,-2.04,1.93,7.53,-2.48,2.19,7.42,-3.09,2.32,6.56,-4.92,2.45,5.47,-7.70,3.46,4.14,-8.52,5.76,2.24,-8.52,6.90,0.37,-10.75,4.22,-1.60,-12.04,0.66,-2.25,-10.40,0.66,-1.82,-4.47,2.13,-1.77,-1.83,-2.91,-1.23,2.48,-3.86,1.02,9.66,-1.71,2.64,9.76,-3.52,2.95,9.76,-8.07,2.30,9.76,-6.36,1.96,9.76,-3.76,0.93,9.76,-2.35,0.06,6.99,-1.80,-0.77,2.29,-0.22,-1.40,-3.61,0.50,-1.18,-9.08,0.72,-0.36,-11.28,1.79,0.13,-12.61,3.89,0.63,-12.82,4.19,0.62,-10.65,3.58,0.41,-10.21,2.38,-0.10,-9.33,3.43,-0.63,-6.65,2.44,-1.19,-3.03,0.65,-1.26,0.03,-2.21,-1.39,5.36,-3.03,-1.24,9.27,-7.59,-1.11,9.76,-12.44,-2.34,9.76,-11.18,-3.53,9.76,-2.68,-4.66,9.76,-0.99,-6.37,9.76,0.58,-6.94,0.75
0.34,7.89,-1.10,1.19,7.86,-0.02,1.07,7.36,-0.78,1.10,6.84,-2.30,1.71,6.20,-3.91,2.37,4.56,-5.99,4.50,3.03,-10.15,5.75,1.16,-13.36,6.05,-0.86,-12.23,5.44,-2.62,-9.10,2.52,-3.70,-4.02,0.67,-2.84,-1.05,2.53,-0.54,2.28,0.70,1.46,6.34,-5.44,2.50,9.76,-6.73,4.51,9.76,-3.84,5.51,9.76,-3.81,4.76,9.76,-4.25,2.84,9.76,-2.44,1.07,7.48,-1.20,-0.09,3.27,-0.87,-0.70,-1.78,0.91,-0.73,-5.23,2.14,-0.72,-9.60,1.53,-0.23,-13.53,2.18,-0.01,-15.08,3.73,0.09,-13.63,3.71,-0.06,-11.67,3.90,-0.46,-10.75,3.61,-1.35,-8.87,3.14,-1.96,-3.27,-0.10,-1.88,1.56,-4.92,-0.51,8.64,-8.46,1.06,9.76,-10.06,1.92,9.76,-10.16,1.14,9.76,-8.18,-1.00,9.76,-5.32,-3.44,9.76,-2.29,-4.66,6.01,-1.53,-4.71,-3.17,0.22,-3.30,-9.05,1.97,-1.62,-12.57,1.47,0.58,-17.20,0.85,2.19,-15.70,1.87,3.49,-12.27
0.77,7.00,-1.23,0.70,7.65,-0.91,1.48,7.80,-0.01,1.84,7.27,0.18,1.31,6.31,-0.78,1.47,5.26,-2.98,1.78,4.13,-4.95,3.21,2.90,-6.39,4.38,1.47,-8.78,3.84,0.01,-10.45,4.91,-0.63,-11.10,5.93,-1.19,-10.13,4.49,-1.73,-7.93,3.33,-1.43,-0.38,0.73,0.68,6.70,-0.45,2.08,7.17,-4.85,2.74,8.95,-4.20,4.44,9.76,-2.08,5.69,9.76,-1.47,4.60,9.76,-1.00,2.69,9.76,-0.49,0.91,6.69,-1.21,-0.64,0.72,-0.97,-1.12,-6.00,1.71,-0.83,-9.36,3.87,-0.65,-13.09,2.06,-0.62,-15.72,1.18,-0.60,-12.64,2.19,-0.16,-10.63,2.68,-0.01,-9.95,2.52,-0.35,-6.34,1.85,-0.14,-1.76,0.57,0.45,-0.06,-1.62,1.11,8.03,-6.56,2.34,9.76,-5.80,2.74,9.76,-5.35,2.01,9.76,-4.68,0.35,9.76,-3.27,-2.26,9.76,-0.06,-4.00,6.71,2.61,-3.78,-2.96,1.62,-3.41,-11.87,-1.29,-1.53,-15.24,-1.84,-0.01,-15.40,-0.62,1.33,-13.15
2.51,6.48,-1.79,2.45,6.76,-1.26,2.25,6.64,-1.27,1.94,6.63,-0.32,1.49,6.66,-1.71,1.19,6.60,-2.02,0.79,6.72,-2.63,0.58,6.90,-2.63,1.64,6.13,-3.17,1.92,4.84,-4.92,2.37,3.05,-6.84,4.04,1.06,-10.09,4.24,-0.81,-12.25,3.21,-2.02,-12.77,5.21,-2.74,-7.43,3.11,-1.75,-1.73,-1.34,-0.79,4.32,0.97,1.46,6.42,-0.10,3.58,7.44,-2.27,4.76,9.76,-2.18,5.21,9.76,-1.01,4.98,9.76,-2.23,2.78,9.76,-0.54,1.01,9.76,0.54,-0.15,5.65,0.95,-0.59,-0.79,1.09,-1.03,-7.52,0.64,-0.78,-10.64,1.90,-0.59,-12.43,3.10,-0.68,-13.08,3.43,-1.27,-14.32,3.00,-1.64,-13.80,2.76,-1.25,-10.84,2.77,-1.07,-7.06,0.88,-0.54,-3.59,-0.02,0.71,3.41,-1.29,1.27,9.76,-5.06,1.35,9.76,-8.73,1.13,9.76,-7.37,-0.38,9.76,-3.89,-2.10,9.76,-2.15,-4.29,9.76,-0.85,-4.66,-0.79,0.89,-3.67,-11.71,0.65,-0.70,-15.69
2.93,0.91,6.30,-0.17,2.71,9.76,-2.55,4.43,9.76,1.90,4.81,9.76,1.40,2.53,9.76,-1.17,0.07,9.76,-0.70,-0.85,3.31,-0.47,-0.58,-5.34,0.69,-0.13,-9.84,0.60,0.04,-12.96,1.69,-0.06,-14.27,3.79,0.05,-15.07,5.45,-0.38,-14.48,4.50,-1.44,-11.94,3.92,-2.27,-11.23,2.43,-2.78,-7.21,0.98,-2.09,2.67,-0.28,-1.58,9.76,-3.21,-2.38,9.76,-5.37,-2.10,9.76,-6.42,-2.23,9.76,-3.91,-3.38,9.76,-0.16,-5.95,9.76,-0.16,-7.46,0.68,0.60,-5.41,-9.91,1.47,-1.87,-16.14,0.29,0.35,-17.96,-0.99,1.97,-16.20,0.38,3.13,-11.75,0.80,4.08,-7.93,-0.77,4.80,-7.06,-1.45,5.48,-7.35,-0.56,6.22,-5.47,0.29,6.95,-3.88,0.22,7.50,-3.71,-0.02,7.44,-3.33,-0.57,7.39,-2.49,-0.95,7.14,-3.24,-1.15,6.95,-2.68,-1.15,6.63,-2.69,-2.01,6.54,-2.28,-2.21,6.66,-2.83,-1.48,6.70,-3.30,-1.09,6.81,-3.12,-0.73,6.81,-2.50
3.87,-8.27,4.90,4.78,-7.20,9.76,5.96,-4.43,9.76,8.87,-3.77,9.76,5.70,-5.39,9.76,-0.76,-7.73,9.76,-0.57,-8.20,-0.24,0.92,-6.83,-12.95,-0.54,-3.38,-20.87,0.08,-1.30,-23.01,2.09,-1.47,-18.75,2.80,-2.51,-16.20,1.95,-3.75,-14.51,3.24,-5.51,-12.37,5.30,-8.32,-10.11,0.03,-9.67,4.85,0.61,-6.60,9.76,5.94,-6.31,9.76,0.17,-8.66,9.76,-2.75,-10.55,9.76,-0.62,-11.84,9.76,2.94,-13.33,6.69,2.32,-13.10,-6.70,-2.27,-8.64,-18.11,-0.77,-3.04,-22.31,-0.33,0.51,-21.86,1.42,1.63,-14.29,-0.22,3.10,-6.68,-1.92,4.07,-2.86,-1.49,5.00,-4.64,0.24,5.97,-6.72,1.95,6.74,-4.48,0.90,7.08,-0.74,-0.93,6.93,-0.12,-0.95,6.75,-2.33,0.50,6.95,-3.52,0.39,6.44,-2.09,-0.97,6.09,-1.50,-1.85,5.81,-1.39,-0.66,5.65,-1.88,-0.02,5.76,-1.96,0.21,5.83,-1.89,0.52,6.01,-1.42,0.43,5.98,-1.13,0.45,5.82,-1.76
3.79,6.68,-0.88,2.57,5.85,-3.68,1.42,5.13,-4.38,1.58,4.47,-6.08,2.83,4.00,-7.62,3.87,3.56,-9.21,2.96,3.03,-10.04,3.37,1.78,-10.08,3.77,0.85,-12.41,3.00,-0.86,-13.86,2.21,-0.61,-8.09,2.05,-0.76,0.66,4.18,0.58,3.79,4.16,1.37,3.75,3.18,1.61,8.56,2.39,1.89,9.76,3.00,2.79,9.76,3.15,3.15,9.76,2.50,2.32,9.76,1.27,1.32,9.76,0.29,0.66,5.85,0.25,0.29,2.33,0.59,0.20,-0.72,0.92,0.43,-3.56,0.86,0.68,-6.18,1.40,1.06,-8.39,1.35,1.05,-9.62,1.71,1.43,-9.45,1.81,1.30,-9.06,2.47,1.12,-8.52,2.39,0.82,-8.03,2.33,0.31,-6.91,2.48,-0.43,-4.22,1.89,-0.81,0.72,1.81,0.10,5.32,2.09,1.67,9.76,0.70,1.32,9.76,-0.78,-0.47,9.76,-1.79,-2.32,9.76,-3.28,-3.66,9.76,-1.80,-4.65,9.76,1.67,-3.92,1.92,2.72,-3.12,-5.48,0.62,-1.20,-11.78,-1.13,0.74,-13.98
2.97,6.24,-0.65,3.65,6.10,-0.05,2.91,5.48,-0.98,2.13,4.43,-3.62,2.67,3.03,-5.09,5.29,-0.51,-8.15,7.35,-2.13,-18.86,6.75,-3.80,-23.78,6.90,-6.97,-21.24,6.06,-10.58,-4.80,0.22,-3.54,9.76,3.95,2.36,9.76,4.09,3.32,9.76,-0.46,2.80,9.76,1.78,1.13,9.76,0.31,-1.00,9.76,-0.36,-1.19,0.73,0.57,-1.29,-8.64,0.44,-1.53,-13.84,2.39,-1.95,-19.60,5.19,-1.82,-24.64,6.11,-3.08,-20.66,4.84,-4.62,-14.67,3.28,-5.43,-13.18,2.45,-5.63,-5.10,0.51,-3.79,9.76,4.07,-2.44,9.76,-1.42,-2.58,9.76,-5.14,-3.64,9.76,-2.80,-6.13,9.76,-0.23,-10.41,9.76,-5.66,-11.57,-3.90,-3.86,-7.58,-13.03,0.35,-3.09,-16.29,3.22,0.32,-17.80,3.82,2.22,-16.61,2.27,4.06,-13.58,0.25,5.04,-9.68,-2.26,5.57,-6.34,-3.27,6.09,-6.19,-0.01,6.68,-6.94,0.43,7.63,-5.80,-0.31,8.21,-4.69,0.35,8.44,-3.73,-0.14,8.08,-3.38
3.08,6.36,-1.30,3.45,6.07,-1.69,2.96,5.99,-2.31,2.76,5.92,-3.07,3.21,5.50,-3.30,3.53,4.96,-4.16,3.72,3.42,-5.94,5.31,0.81,-9.02,6.20,-1.37,-17.00,8.42,-3.31,-22.75,4.78,-8.03,-16.42,2.52,-8.72,-0.95,1.51,-3.87,4.41,5.29,0.17,9.76,1.19,-0.09,9.76,-3.52,0.84,9.76,0.01,1.55,9.76,3.15,1.26,9.76,3.90,0.24,9.76,2.77,-0.94,1.54,1.19,-1.92,-5.85,0.51,-1.47,-11.42,1.92,-1.14,-16.53,4.37,-1.03,-18.51,4.78,-2.03,-18.79,4.12,-2.74,-16.95,4.56,-3.23,-13.62,3.12,-3.38,-10.33,1.46,-2.73,0.75,0.91,-1.40,9.76,-0.99,-1.12,9.76,-5.66,-1.45,9.76,-10.31,-2.53,9.76,-4.95,-3.28,9.76,0.29,-4.74,9.76,3.19,-4.13,-4.06,0.57,-4.02,-13.30,-0.92,-1.34,-19.79,-0.26,0.67,-21.92,1.17,1.80,-17.86,1.84,2.83,-11.09,1.50,4.62,-4.97,-0.29,5.72,-4.47,0.24,6.47,-4.97,1.12,7.30,-3.68
2.12,5.67,-0.96,2.33,5.65,-0.86,2.20,5.61,-1.03,1.75,5.59,-1.45,3.19,5.91,-1.10,3.50,5.87,-1.25,3.80,6.07,-2.65,3.40,6.11,-3.33,2.16,6.24,-2.96,2.00,6.18,-2.83,2.27,6.35,-2.95,2.82,5.82,-2.78,3.16,5.30,-4.41,3.56,3.86,-6.46,5.40,1.49,-9.43,7.13,-0.92,-15.90,6.22,-3.07,-21.79,7.58,-6.95,-17.05,8.49,-9.66,-1.72,1.41,-4.47,9.76,0.71,0.11,9.76,-3.42,3.22,9.76,-5.53,4.06,9.76,-3.95,4.70,9.76,-0.38,3.66,9.76,-0.14,1.54,9.76,1.33,0.20,3.69,1.42,-0.89,-2.92,0.71,-1.26,-9.30,0.90,-1.39,-13.79,2.34,-1.68,-16.49,5.53,-1.88,-19.48,5.13,-2.80,-17.03,5.09,-3.45,-14.86,3.37,-3.91,-10.71,2.42,-2.63,-5.85,0.50,-1.13,3.43,-1.25,-0.31,9.76,-4.77,-1.11,9.76,-8.16,0.45,9.76,-4.75,0.30,9.76,-2.96,-1.65,9.76,-1.30,-4.39,7.92,-1.04,-4.39,-3.14,2.07,-3.98,-8.46
3.11,7.11,-1.13,3.00,7.38,-0.25,2.74,7.35,0.02,2.00,7.00,-0.72,2.01,6.64,-0.84,2.26,6.17,-2.18,2.36,5.41,-3.90,3.94,3.48,-6.08,6.28,1.93,-10.38,7.32,0.26,-15.82,7.40,-2.45,-17.36,4.53,-5.21,-13.86,0.68,-5.22,-5.45,3.06,-1.82,4.14,5.41,1.06,8.03,-2.11,3.12,9.76,-5.71,4.92,9.76,-2.58,5.72,9.76,-1.06,3.89,9.76,-1.95,1.15,9.76,1.26,-0.38,1.13,1.43,-1.32,-7.87,1.67,-1.46,-14.32,3.73,-1.54,-18.86,6.34,-1.85,-19.98,4.91,-3.03,-18.62,3.30,-4.09,-15.67,4.57,-4.64,-12.50,3.40,-3.89,-2.28,-0.70,-1.30,9.76,-3.95,-0.30,9.76,-7.68,-0.35,9.76,-9.67,-1.20,9.76,-5.69,-3.99,9.76,-1.72,-7.02,6.20,0.36,-6.74,-6.80,1.46,-4.60,-16.62,1.38,-1.39,-24.19,1.22,1.31,-22.48,1.58,2.78,-12.27,-0.17,4.18,-5.95,-1.26,4.64,-7.12,-1.13,5.43,-6.84,-0.52,6.77,-5.18,0.24,7.85,-4.43
-0.92,-1.41,9.53,-3.04,1.53,9.76,-4.42,3.42,9.76,-3.98,4.09,9.76,-2.44,2.74,9.76,-1.97,0.83,9.76,-0.19,-0.40,5.04,1.60,-1.05,-2.92,1.22,-0.87,-9.17,2.03,-0.88,-14.73,3.59,-1.53,-20.19,6.08,-2.05,-22.96,6.25,-3.63,-19.22,3.66,-5.27,-12.96,-0.10,-4.52,-6.73,2.14,-2.97,-3.35,-0.09,-2.39,4.19,-2.52,-3.21,9.76,-8.85,-2.95,9.76,-9.29,-3.28,9.76,-7.74,-3.80,9.76,-3.39,-6.34,9.76,-4.19,-9.41,7.24,-3.10,-8.25,-6.71,2.14,-4.16,-16.03,2.14,-1.25,-20.24,-0.50,0.65,-21.87,-0.79,1.98,-16.26,-0.81,3.07,-11.10,-0.17,4.47,-8.13,-0.79,5.28,-6.32,-1.46,5.83,-4.56,-0.88,6.68,-4.77,0.65,7.28,-4.76,1.35,7.82,-3.64,-0.07,7.89,-2.41,-0.23,7.52,-3.01,-0.62,7.26,-3.96,-1.20,6.75,-3.28,-1.00,6.75,-3.33,-0.98,6.74,-3.19,-1.12,6.51,-3.31,-0.10,6.75,-4.52,0.14,6.57,-2.42,-0.78,6.39,-2.78
-0.69,10.86,-4.84,0.91,10.89,-3.18,3.68,10.07,-2.44,3.82,9.10,-4.06,2.59,7.78,-6.17,2.84,6.28,-7.58,3.88,4.07,-8.80,5.80,2.04,-9.67,4.44,-0.43,-10.19,3.68,-1.64,-9.43,5.26,-2.26,-7.10,3.05,-2.63,-6.31,2.11,-0.96,-2.42,1.43,2.23,1.15,-0.24,4.91,8.77,-4.90,8.29,9.76,-4.09,11.04,9.76,-0.90,12.11,9.76,-1.22,9.38,9.76,-2.20,5.43,9.76,-1.64,3.10,3.47,0.37,1.62,-1.55,1.56,0.40,-7.25,1.21,-0.59,-10.45,0.95,-1.05,-12.05,1.68,-1.37,-12.00,2.77,-1.23,-10.34,2.55,-0.72,-10.30,3.00,0.02,-9.79,3.53,0.84,-7.10,1.39,2.38,-2.09,-1.87,4.81,0.39,-3.16,6.58,4.31,-1.87,7.86,9.76,-4.94,8.28,9.76,-5.85,7.16,9.76,-2.41,5.47,9.76,-0.82,2.77,9.76,-0.89,-1.14,6.44,-0.62,-2.12,-4.75,0.71,-1.84,-7.76,0.34,-1.94,-9.84,-3.28,-1.24,-12.89,-2.54,0.68,-14.45,0.01,2.85,-12.68
2.69,7.87,-3.47,2.52,7.81,-3.46,2.24,7.69,-3.91,1.97,7.74,-4.08,2.58,7.78,-4.10,2.34,7.82,-3.84,2.03,8.03,-4.24,1.89,8.86,-3.96,1.74,9.30,-3.27,2.33,9.89,-2.29,2.43,9.69,-1.78,2.94,9.12,-2.05,3.14,8.32,-3.35,3.35,7.09,-5.15,3.81,4.44,-7.22,4.24,1.93,-13.14,4.97,-0.94,-15.52,7.18,-3.47,-11.47,5.01,-4.77,-10.66,2.46,-4.58,-7.98,4.52,-1.43,-3.16,3.60,3.79,1.16,-3.16,9.68,9.72,-3.97,12.47,9.76,-0.38,13.85,9.76,-2.47,9.76,9.76,-0.79,4.29,9.76,0.16,0.45,1.49,1.99,-3.05,-8.96,0.64,-6.11,-19.12,2.52,-6.73,-25.51,1.88,-6.94,-19.33,0.91,-5.32,-14.24,5.56,-2.41,-10.95,4.47,0.52,-4.05,-0.10,5.53,9.76,-4.20,10.29,9.76,-8.97,10.51,9.76,-7.69,6.39,9.76,-4.31,-0.93,9.76,-2.87,-6.80,4.86,-0.35,-7.82,-11.34,1.28,-5.20,-18.13,1.66,-1.93,-20.72,-0.38,0.49,-19.09
-5.68,-9.22,0.39,2.99,1.09,9.76,8.14,2.66,9.76,1.95,-0.24,9.76,0.17,-0.68,9.76,2.51,-3.09,5.59,2.05,-2.58,-7.59,4.81,-1.00,-14.47,6.34,-0.50,-24.17,1.46,-3.15,-28.62,-4.11,-8.37,-8.46,-8.28,-6.59,4.62,8.43,-0.30,9.76,10.76,-0.12,9.76,0.25,-4.41,9.76,-3.93,-11.74,9.76,-5.00,-12.78,-7.06,-7.05,-1.17,-24.30,-3.95,3.59,-22.53,0.46,3.85,-14.35,-0.71,4.24,-9.54,-2.29,4.69,-5.89,-2.05,5.57,-5.76,-1.28,6.27,-6.26,-0.60,7.08,-6.67,-0.45,7.43,-4.11,-1.15,7.62,-2.22,-1.07,7.80,-3.29,-0.34,7.65,-3.68,-0.37,7.57,-3.64,-0.73,7.45,-4.00,-1.66,7.47,-3.45,-1.61,7.07,-3.15,-0.92,7.04,-3.32,-0.91,7.05,-3.75,-1.15,6.95,-4.01,-0.81,6.85,-3.94,-0.75,6.70,-3.86,-0.57,6.98,-3.43,-0.03,6.89,-3.38,-0.09,7.01,-3.85,-0.45,6.94,-3.39,-0.79,6.85,-3.18,-0.88,6.82,-3.22,-0.81,6.84,-3.52
1.60,6.71,-1.29,1.34,6.79,-1.45,1.03,7.35,-1.39,0.96,7.57,-1.30,1.61,7.57,-0.40,1.78,6.92,-0.68,2.30,6.28,-2.64,2.35,5.19,-4.50,2.87,3.96,-6.84,5.18,2.82,-10.88,5.81,1.43,-14.31,6.12,-0.31,-14.46,2.59,-2.51,-10.18,1.73,-2.94,-0.30,0.41,0.46,1.81,-0.87,0.81,4.61,-2.68,0.20,9.76,-1.46,0.60,9.76,-1.12,-0.34,9.76,1.59,-0.07,9.76,3.19,-0.33,6.58,3.07,-1.66,-2.64,1.15,-0.87,-10.77,1.08,-0.02,-11.84,1.38,-0.70,-12.64,1.68,-1.11,-13.61,3.43,-1.11,-13.11,4.70,-1.35,-11.90,3.52,-2.12,-8.49,0.42,-2.22,-2.64,-2.94,-0.44,9.76,-0.65,0.46,9.76,-4.61,-0.94,9.76,-2.26,-1.68,9.76,-1.62,-3.06,9.76,1.26,-5.84,9.76,1.95,-8.13,-1.90,-2.15,-5.58,-14.97,2.88,-1.45,-20.74,2.67,1.58,-17.56,-2.49,2.59,-4.99,-6.91,3.65,-2.13,-3.88,4.76,-7.97,0.66,6.35,-7.29,0.56,6.54,-3.24
-0.77,7.37,-1.19,0.14,7.13,0.34,1.76,6.91,-0.06,0.99,6.42,-0.58,1.79,5.75,-1.93,1.96,4.92,-3.90,3.73,3.03,-6.72,5.76,1.60,-10.45,5.51,0.04,-11.28,4.53,-2.08,-7.96,3.26,-2.94,-5.63,2.17,-2.41,-6.21,3.87,-0.56,-6.65,2.70,3.19,1.65,-2.88,3.92,9.76,-1.24,7.91,9.76,-1.03,9.31,9.76,0.10,8.88,9.76,-1.00,6.05,9.76,-2.15,3.24,6.06,0.13,1.76,0.23,0.50,0.40,-3.78,0.01,-0.68,-8.55,0.22,-1.20,-10.71,2.26,-1.51,-11.75,3.03,-1.80,-13.33,2.67,-2.40,-12.64,1.88,-2.20,-9.59,2.15,-1.97,-5.84,1.87,-1.53,-2.62,-0.97,1.21,4.47,-6.03,6.63,9.76,-6.57,9.50,9.76,-4.76,8.51,9.76,-3.06,3.51,9.76,-4.24,-1.16,9.76,-4.98,-3.81,2.28,-3.66,-3.84,-7.91,-0.94,-2.90,-12.11,-1.59,-2.14,-14.37,-1.26,-1.18,-15.32,-1.38,0.49,-14.73,-1.20,2.36,-10.52,-1.44,3.81,-6.36,-0.95,5.17,-6.84
-0.63,3.68,3.27,-2.81,6.52,9.76,-7.98,9.42,9.76,-2.18,9.82,9.76,-3.20,6.73,9.76,-3.00,3.56,9.76,-0.87,1.52,2.27,2.27,0.07,-4.68,2.00,-1.94,-8.10,2.32,-2.92,-14.73,3.69,-4.36,-17.25,1.51,-5.08,-12.64,1.58,-4.58,-11.90,3.24,-2.92,-11.55,5.24,-1.30,-6.18,1.82,1.33,4.19,0.61,2.64,9.76,-3.28,1.93,9.76,-6.11,1.66,9.76,-1.38,-0.11,9.76,1.16,-3.10,9.76,0.54,-7.37,8.71,-2.37,-7.45,-5.38,-2.70,-5.30,-11.68,0.08,-2.48,-15.59,-2.27,-1.13,-11.92,-2.79,0.98,-10.48,-1.45,2.85,-10.18,-1.04,4.20,-6.56,-2.43,5.04,-4.51,-0.88,5.49,-4.19,-0.91,5.70,-2.72,-1.09,6.11,-2.75,-1.20,5.90,-1.58,-0.13,5.79,-0.82,-0.34,5.58,-0.69,-1.57,5.25,-1.15,-1.59,5.26,-1.73,-0.85,5.31,-1.21,-0.61,5.38,-2.06,-0.79,5.32,-2.13,-0.92,5.31,-2.24,-1.19,5.06,-2.13,-1.02,5.02,-2.16,-1.70,5.13,-1.77
1.14,7.13,-1.62,1.33,7.27,-1.77,1.11,6.83,-1.62,0.86,6.20,-1.98,1.24,5.44,-2.62,2.09,4.42,-4.13,2.47,3.23,-6.29,2.48,2.21,-7.91,2.67,1.10,-8.86,4.61,0.24,-9.65,5.49,-0.03,-9.28,4.26,-0.40,-5.06,2.68,0.97,-0.91,1.23,2.86,0.77,-3.61,3.97,5.27,-4.17,5.14,8.02,-2.52,6.85,7.19,-1.87,7.81,9.76,-4.54,6.98,9.76,-1.80,5.38,7.91,0.44,3.98,4.39,0.46,2.32,2.42,-1.21,1.17,-0.73,0.24,0.22,-5.30,1.56,0.13,-8.26,1.48,-0.16,-10.04,1.47,-0.29,-10.86,2.22,-0.40,-10.44,2.40,-0.49,-8.47,1.42,-0.28,-6.35,2.76,0.44,-4.83,2.98,1.21,-1.04,-1.73,2.48,6.70,-5.17,5.04,9.76,-1.31,6.47,9.76,-2.67,5.70,9.76,-2.09,3.85,9.76,2.22,0.72,9.76,2.77,-2.53,7.93,-0.80,-4.65,0.69,-1.80,-4.94,-6.34,-1.88,-3.51,-11.24,-4.50,-1.47,-12.16,-5.74,0.76,-12.24,-2.35,2.91,-11.46
-0.56,6.63,-0.33,-0.57,6.50,0.47,-0.19,5.90,0.06,-0.18,5.52,-2.23,-0.35,4.88,-3.28,1.31,3.95,-5.23,2.61,3.02,-7.09,3.69,2.11,-8.03,5.52,0.67,-9.13,5.03,-0.51,-11.62,1.02,-1.96,-7.84,-0.49,-1.62,-0.81,0.54,0.16,1.55,-1.16,1.75,3.28,-6.98,2.81,9.51,-7.88,4.58,9.76,-5.57,5.19,9.76,-4.19,4.16,9.76,-4.22,1.96,9.76,-1.82,0.76,4.90,0.33,-0.29,0.77,1.96,-1.25,-4.71,1.00,-1.46,-9.61,2.02,-1.30,-12.32,3.38,-1.26,-12.15,2.84,-0.99,-12.89,2.37,-1.44,-9.96,1.15,-1.02,-6.08,0.55,-0.27,-3.98,-2.17,1.23,0.76,-4.92,3.33,7.35,-7.35,4.95,9.76,-5.36,4.32,9.76,-7.17,2.83,9.76,-5.80,0.18,9.76,-2.20,-3.11,9.76,-0.99,-5.11,1.42,-1.60,-4.82,-7.66,-1.52,-2.76,-14.53,0.32,-0.67,-14.80,-2.04,0.57,-11.12,-3.61,2.24,-10.59,-1.91,3.60,-9.79,-1.97,4.88,-7.20,-2.37,5.26,-5.22
-1.01,7.76,-1.00,-0.98,8.32,0.63,-0.50,8.60,1.37,-0.50,8.16,0.50,-0.54,7.19,-0.52,0.30,6.33,-3.53,2.45,5.51,-4.88,2.69,4.36,-6.29,3.61,2.43,-8.35,4.77,0.69,-11.74,3.86,-0.49,-13.14,3.52,-2.05,-10.58,4.66,-2.74,-8.38,1.16,-2.74,-7.43,-1.69,-0.28,-3.85,-0.38,3.89,5.35,-4.78,7.73,9.76,-6.03,11.01,9.76,-6.67,11.04,9.76,-3.79,7.26,9.76,-3.86,3.36,8.33,-2.48,1.25,0.45,-0.93,-0.28,-4.48,1.95,-1.10,-9.74,2.45,-1.80,-12.45,1.64,-1.85,-14.69,1.74,-1.73,-15.10,2.65,-1.79,-12.57,2.80,-1.45,-9.89,2.26,-0.75,-7.88,1.77,0.38,-1.86,0.91,3.06,5.50,-8.06,6.02,9.57,-11.87,8.81,9.76,-8.04,7.76,9.76,-8.49,4.12,9.76,-7.12,-0.17,9.76,-2.08,-1.75,2.51,1.70,-2.31,-4.31,2.75,-3.30,-7.03,-0.28,-3.53,-11.84,-2.60,-1.41,-17.84,-2.20,0.74,-17.37,-0.20,2.49,-12.00,-0.38,4.10,-8.89
-2.92,4.80,7.03,-10.16,8.71,9.76,-6.88,11.16,9.76,1.04,9.50,9.76,2.52,5.21,9.76,1.58,1.57,2.57,1.70,-1.21,-5.71,-0.06,-3.23,-11.42,0.50,-4.21,-18.84,3.38,-4.85,-19.15,0.44,-5.70,-14.58,-1.08,-4.80,-9.91,3.24,-2.22,-5.76,-0.96,1.01,4.64,-8.15,4.21,9.76,-9.01,5.14,9.76,-6.85,1.92,9.76,-5.20,-3.35,9.76,-0.34,-7.08,5.60,2.30,-7.40,-9.43,0.19,-4.21,-20.28,-1.64,-1.12,-23.06,-0.37,0.73,-17.33,-1.06,2.33,-11.43,-3.44,3.48,-6.41,-1.18,4.41,-7.60,-1.47,5.52,-4.71,-2.44,6.51,-4.28,-1.86,7.40,-4.12,-0.22,7.61,-3.57,-1.37,7.45,-2.17,-2.22,7.10,-2.32,-1.71,6.77,-2.72,-1.91,6.47,-3.06,-2.85,6.45,-2.95,-2.86,6.19,-3.46,-2.21,6.20,-3.07,-2.09,6.21,-2.50,-1.60,6.10,-3.33,-1.80,5.78,-3.38,-1.86,5.75,-3.51,-1.48,5.62,-3.89,-1.79,5.46,-3.51,-2.52,5.66,-3.26,-1.75,5.65,-3.71
3.78,4.60,1.18,3.06,11.20,6.32,-2.17,15.17,9.76,-3.68,16.76,9.76,-3.54,15.10,9.76,-1.41,11.04,7.01,0.73,6.62,2.70,0.38,3.41,-2.48,0.01,0.86,-7.13,-1.26,-1.38,-8.80,0.87,-2.71,-9.29,2.35,-2.95,-11.39,-0.29,-2.46,-8.01,0.91,-0.80,-7.13,1.32,0.83,-7.77,1.72,3.18,-4.59,1.47,6.50,0.06,0.58,10.93,1.97,-2.38,14.63,6.68,-2.86,17.58,9.76,-0.69,17.43,9.76,0.17,14.79,9.76,0.95,10.32,7.91,0.86,6.86,1.52,0.25,3.52,-4.44,-0.71,-0.32,-4.58,-2.01,-2.33,-4.35,-3.00,-2.81,-9.11,-2.94,-1.13,-12.96,-0.61,0.86,-10.21,-1.77,3.14,-7.83,-1.15,5.34,-5.36,-1.20,6.60,-4.75,-1.54,7.23,-5.69,-0.95,8.08,-5.54,-0.17,8.37,-4.98,-0.99,8.21,-4.00,-1.52,7.89,-4.34,-0.89,7.87,-4.49,-0.37,7.80,-3.42,-0.33,7.84,-4.74,-0.51,7.75,-4.64,-0.70,7.61,-4.36,-1.03,7.68,-4.38,-0.96,7.61,-4.43
-1.88,2.83,7.16,-5.42,4.93,9.76,1.09,5.02,9.76,3.29,3.37,9.76,1.16,2.00,3.99,0.34,1.41,-0.29,0.19,1.01,-3.30,0.12,0.91,-7.68,0.75,1.46,-10.84,1.36,1.44,-12.63,0.04,1.07,-10.93,0.88,0.56,-8.27,2.69,-0.13,-10.46,2.28,-1.37,-1.40,-5.05,0.41,9.76,-2.09,2.54,9.76,3.21,2.51,9.76,-1.64,0.83,9.76,-3.54,-0.77,9.76,-0.89,-3.45,7.93,0.54,-2.24,-3.03,0.19,0.04,-7.36,-1.96,0.50,-10.30,-1.82,2.10,-13.14,-0.79,3.55,-11.53,-1.66,4.54,-9.41,-0.96,5.16,-6.83,-2.89,5.93,-3.27,-2.51,6.47,-3.44,-1.18,7.01,-4.13,-1.68,7.47,-3.65,-0.85,7.20,-2.13,-1.16,7.00,-2.40,-2.04,6.90,-1.97,-1.52,6.95,-4.01,-1.45,6.88,-3.93,-2.01,6.67,-2.69,-2.12,6.55,-3.61,-1.39,6.63,-4.00,-0.82,6.67,-4.25,-1.43,6.44,-4.04,-1.36,6.49,-3.87,-1.32,6.45,-3.14,-1.07,6.51,-3.59,-0.88,6.73,-3.46
-0.21,7.24,0.39,0.21,6.63,-2.03,1.06,6.03,-4.34,1.29,5.01,-5.70,1.14,3.96,-8.20,2.15,3.40,-10.98,4.56,2.89,-11.76,6.17,2.17,-12.11,5.75,1.25,-11.69,4.92,-0.47,-8.07,2.94,-1.21,-2.52,-1.47,0.34,5.57,-1.71,3.38,9.45,-0.40,5.76,9.76,1.26,7.14,9.66,2.03,6.46,9.76,1.70,4.74,9.76,-0.52,2.69,9.76,0.66,1.40,4.98,3.13,1.26,-2.01,3.58,1.80,-5.76,1.29,1.14,-7.49,0.07,1.03,-9.53,-0.11,1.25,-11.90,0.83,1.72,-12.47,2.35,1.62,-11.75,1.90,0.76,-9.16,2.63,0.35,-4.78,2.57,0.59,0.26,2.06,1.13,-0.41,-1.43,1.65,9.59,-2.09,1.89,9.76,0.92,0.95,9.76,-0.46,-0.70,9.76,-1.20,-2.14,9.76,-0.00,-2.84,9.09,0.56,-3.42,3.39,1.01,-2.65,-1.37,0.72,-2.60,-5.78,-0.84,-0.64,-11.96,-1.09,1.54,-15.64,-0.75,4.23,-16.60,-1.23,5.03,-11.44,-1.08,5.94,-5.53,-1.64,6.47,-3.33
-0.48,0.74,9.04,-0.28,0.61,9.76,1.37,0.74,9.76,0.24,-1.20,9.76,0.34,-2.78,9.76,1.55,-5.92,4.87,1.17,-4.34,-5.04,-0.91,-2.00,-11.31,-1.72,0.62,-14.32,-1.89,2.42,-14.91,-0.52,4.09,-14.07,-1.61,4.91,-10.28,-1.66,5.73,-6.53,-2.88,6.55,-6.36,-1.53,7.00,-5.01,-0.60,7.77,-4.17,-0.87,7.99,-3.83,-0.57,8.03,-3.62,-0.60,8.10,-3.31,-0.56,7.86,-3.27,-0.45,7.77,-3.94,-0.51,7.63,-3.66,-0.74,7.46,-3.44,-0.86,7.41,-3.47,-0.39,7.38,-3.60,-0.43,7.52,-4.30,-0.58,7.47,-4.17,-0.40,7.31,-4.00,-0.39,7.31,-3.78,-0.72,7.28,-4.05,-0.32,7.25,-3.93,-0.52,7.31,-4.10,-0.32,7.40,-4.55,-0.71,7.26,-4.05,-0.88,7.29,-3.74,-0.55,7.23,-3.82,-0.12,7.34,-3.83,-0.49,7.40,-3.86,-0.44,7.46,-3.84,-0.06,7.40,-4.01,-0.61,7.44,-3.68,-0.58,7.36,-3.75,-0.31,7.30,-3.82,-0.59,7.32,-3.84,-0.61,7.35,-3.63
-2.78,-1.44,9.76,-0.10,2.39,9.76,1.62,3.88,9.76,-0.99,2.99,9.76,-1.82,1.57,9.76,0.87,0.27,9.76,1.42,-3.32,8.27,-0.10,-3.07,-3.50,-1.81,-1.87,-8.66,-0.79,0.41,-13.15,-0.75,2.09,-15.16,-0.73,3.75,-13.86,-0.92,4.78,-10.15,-0.86,5.62,-7.85,-1.80,6.22,-5.05,-2.04,7.13,-5.18,-0.94,7.85,-4.15,-0.71,8.09,-4.12,-0.76,8.35,-4.55,-0.19,8.47,-3.64,-0.16,8.38,-3.55,-0.63,8.14,-3.85,-0.56,8.05,-3.68,-0.57,7.92,-3.86,-0.82,7.72,-4.36,-0.85,7.54,-4.42,-0.59,7.45,-4.43,-0.68,7.58,-4.69,-0.68,7.68,-4.66,-0.31,7.69,-4.72,-0.02,7.78,-4.67,-0.16,7.67,-4.03,-0.59,7.74,-4.61,-0.59,7.69,-4.68,-0.63,7.54,-4.16,-0.69,7.69,-4.50,-0.48,7.73,-4.94,-0.42,7.66,-5.10,-0.36,7.62,-4.32,-0.31,7.50,-2.09,-0.32,7.47,-3.62,-0.45,7.59,-4.78,-0.09,7.67,-4.79,-0.05,7.65,-4.30,-0.26,7.70,-4.30
1.87,-1.62,7.32,0.74,3.64,5.91,1.57,4.92,8.82,0.38,5.51,9.76,-0.31,4.52,9.76,-0.97,1.91,9.76,-0.85,0.66,9.24,0.28,-0.81,1.12,1.53,-0.61,-7.27,2.40,0.00,-12.78,1.72,0.17,-16.63,2.00,0.23,-16.62,2.33,-0.45,-12.32,3.46,-0.73,-10.28,6.30,-1.64,-9.47,3.58,-3.15,-6.18,-6.33,-2.34,9.76,-0.17,2.60,9.76,2.14,2.52,9.76,-1.69,0.20,9.76,-2.73,-1.95,9.76,-0.19,-3.46,9.76,0.87,-4.94,0.55,-1.28,-3.30,-9.21,-0.68,-0.60,-14.35,0.36,1.58,-14.38,-0.01,3.05,-13.94,-0.05,4.18,-9.77,-1.65,5.00,-7.18,-1.66,6.00,-6.28,-1.04,6.75,-4.86,-0.24,7.23,-4.03,-0.69,7.44,-2.97,-0.81,7.71,-2.81,-0.37,7.79,-2.64,-0.10,7.70,-3.12,-0.53,7.66,-3.75,-0.72,7.36,-3.68,-0.81,7.37,-3.16,-0.29,7.37,-3.56,-0.09,7.46,-3.96,-0.45,7.34,-3.91,-0.48,7.05,-3.60,-0.20,7.13,-3.56,-0.20,7.15,-3.93
